City_ID,City,Country,Date,Lat,Lng,Max Temp,Humidity,Cloudiness,Wind Speed
0,East London,ZA,2022-12-19 15:43:53,-33.0153,27.9116,74.34,73,40,5.75
1,Cidreira,BR,2022-12-19 15:43:53,-30.1811,-50.2056,70.12,80,100,16.28
2,Busselton,AU,2022-12-19 15:43:54,-33.65,115.3333,71.06,52,44,12.75
3,San Patricio,US,2022-12-19 15:43:54,28.017,-97.5169,62.83,95,100,11.72
4,Kavieng,PG,2022-12-19 15:43:55,-2.5744,150.7967,79.86,79,100,2.51
5,Yellowknife,CA,2022-12-19 15:43:28,62.456,-114.3525,-21.48,76,75,5.75
6,Marsh Harbour,BS,2022-12-19 15:43:55,26.5412,-77.0636,71.28,69,94,16.71
7,Mataura,NZ,2022-12-19 15:43:55,-46.1927,168.8643,45.93,91,76,0.89
8,Kapoeta,SS,2022-12-19 15:43:56,4.7717,33.5903,90.73,16,62,11.72
9,Upernavik,GL,2022-12-19 15:43:56,72.7868,-56.1549,26.65,63,100,7.85
10,Tasiilaq,GL,2022-12-19 15:43:56,65.6145,-37.6368,12.36,51,0,3.6
11,Sao Domingos,BR,2022-12-19 15:43:57,-13.3983,-46.3183,79.97,68,95,8.14
12,Husavik,IS,2022-12-19 15:43:57,66.0449,-17.3389,24.21,87,100,31.74
13,Bluff,NZ,2022-12-19 15:43:57,-46.6,168.3333,50.61,81,100,17.31
14,Kruisfontein,ZA,2022-12-19 15:43:58,-34.0033,24.7314,70.88,74,94,16.13
15,Grindavik,IS,2022-12-19 15:43:58,63.8424,-22.4338,28.35,86,75,40.29
16,Punta Arenas,CL,2022-12-19 15:43:58,-53.15,-70.9167,57.22,47,100,19.57
17,Ushuaia,AR,2022-12-19 15:43:59,-54.8,-68.3,56.86,41,0,5.75
18,Manono,CD,2022-12-19 15:43:59,-7.3,27.4167,73.63,93,98,4.05
19,Okhotsk,RU,2022-12-19 15:43:59,59.3833,143.3,1.18,82,100,22.46
20,Nuuk,GL,2022-12-19 15:42:01,64.1835,-51.7216,29.01,43,0,4.61
21,Timizart,DZ,2022-12-19 15:44:00,36.8,4.2667,60.49,56,0,3.2
22,Castro,BR,2022-12-19 15:44:00,-24.7911,-50.0119,64.62,83,99,8.03
23,Qaanaaq,GL,2022-12-19 15:44:01,77.484,-69.3632,17.89,94,100,11.54
24,Valparaiso,CL,2022-12-19 15:42:21,-33.0393,-71.6273,71.83,84,0,12.66
25,Puerto Ayora,EC,2022-12-19 15:44:01,-0.7393,-90.3518,76.96,89,67,4.0
26,Sioux Lookout,CA,2022-12-19 15:44:01,50.1001,-91.917,-11.13,77,20,4.61
27,Port Alfred,ZA,2022-12-19 15:44:02,-33.5906,26.891,72.18,81,51,1.99
28,Fort Nelson,CA,2022-12-19 15:42:30,58.8053,-122.7002,-42.21,66,0,2.3
29,Arraial Do Cabo,BR,2022-12-19 15:44:02,-22.9661,-42.0278,78.66,69,75,13.8
30,Mahebourg,MU,2022-12-19 15:44:03,-20.4081,57.7,78.26,72,11,11.16
31,Atar,MR,2022-12-19 15:44:03,20.5169,-13.0499,87.85,19,0,16.11
32,Capao Da Canoa,BR,2022-12-19 15:42:55,-29.7456,-50.0097,69.1,87,100,17.4
33,Albany,US,2022-12-19 15:42:39,42.6001,-73.9662,34.45,67,25,5.01
34,Cape Town,ZA,2022-12-19 15:42:14,-33.9258,18.4232,73.11,52,20,23.02
35,Mar Del Plata,AR,2022-12-19 15:40:00,-38.0023,-57.5575,78.82,75,40,9.22
36,Maceio,BR,2022-12-19 15:39:33,-9.6658,-35.7353,87.24,58,40,13.8
37,Rikitea,PF,2022-12-19 15:44:04,-23.1203,-134.9692,76.41,83,88,18.99
38,Cherskiy,RU,2022-12-19 15:44:05,68.75,161.3,21.54,65,43,7.11
39,Casa Grande,US,2022-12-19 15:43:37,32.8795,-111.7573,39.81,88,0,6.91
40,Biak,ID,2022-12-19 15:44:05,-0.9131,122.8766,76.3,83,94,3.44
41,Roma,US,2022-12-19 15:44:05,43.2128,-75.4557,31.95,79,100,14.97
42,Kabansk,RU,2022-12-19 15:44:06,52.0486,106.6528,10.02,83,100,5.35
43,Laibin,CN,2022-12-19 15:44:06,23.7,109.2667,53.08,30,0,1.99
44,Dingle,PH,2022-12-19 15:44:07,10.9995,122.6711,74.32,92,100,8.39
45,Mehamn,NO,2022-12-19 15:44:07,71.0357,27.8492,28.35,86,100,4.61
46,Quatre Cocos,MU,2022-12-19 15:45:08,-20.2078,57.7625,78.1,71,9,10.89
47,Alice Springs,AU,2022-12-19 15:45:08,-23.7,133.8833,78.35,53,100,10.36
48,Tuktoyaktuk,CA,2022-12-19 15:45:08,69.4541,-133.0374,-23.8,76,20,3.44
49,Hermanus,ZA,2022-12-19 15:45:09,-34.4187,19.2345,70.81,62,13,10.89
50,Bud,US,2022-12-19 15:45:09,39.447,-86.1758,24.82,74,100,0.74
51,Praia Da Vitoria,PT,2022-12-19 15:45:10,38.7333,-27.0667,64.65,77,20,18.92
52,Makakilo City,US,2022-12-19 15:41:00,21.3469,-158.0858,72.19,75,75,27.63
53,Teya,RU,2022-12-19 15:45:11,60.3778,92.6267,-15.16,100,97,1.66
54,Bethel,US,2022-12-19 15:45:08,41.3712,-73.414,37.76,61,0,9.22
55,Sanandaj,IR,2022-12-19 15:45:11,35.3144,46.9923,41.02,61,0,0.0
56,Sao Gabriel Da Cachoeira,BR,2022-12-19 15:45:12,-0.1303,-67.0892,85.8,70,40,4.61
57,Sitka,US,2022-12-19 15:45:12,57.0531,-135.33,19.29,42,0,10.36
58,Zhoucheng,CN,2022-12-19 15:45:12,35.9122,116.3117,31.59,48,29,4.52
59,Faanui,PF,2022-12-19 15:45:13,-16.4833,-151.75,78.8,76,99,7.81
60,Weligama,LK,2022-12-19 15:40:39,5.9667,80.4167,75.6,88,100,0.94
61,New Norfolk,AU,2022-12-19 15:45:13,-42.7826,147.0587,54.9,73,93,0.83
62,Dzilam Gonzalez,MX,2022-12-19 15:45:14,21.2833,-88.9333,82.53,62,83,8.43
63,Grand Forks,US,2022-12-19 15:45:14,47.9417,-97.4337,-4.07,77,75,6.91
64,Kakching,IN,2022-12-19 15:45:15,24.4833,93.9833,55.02,88,22,2.06
65,Pacific Grove,US,2022-12-19 15:40:24,36.6177,-121.9166,53.42,90,0,3.44
66,Teguise,ES,2022-12-19 15:45:15,29.0605,-13.564,70.02,53,0,0.0
67,Georgetown,MY,2022-12-19 15:45:15,5.4112,100.3354,77.95,90,20,1.14
68,Dikson,RU,2022-12-19 15:45:16,73.5069,80.5464,-17.25,91,83,2.71
69,Nebolchi,RU,2022-12-19 15:45:16,59.1239,33.3454,28.58,94,99,9.98
70,Abaza,RU,2022-12-19 15:45:17,52.655,90.0928,12.47,92,100,3.24
71,Hasaki,JP,2022-12-19 15:45:17,35.7333,140.8333,34.21,40,1,11.05
72,Jatibonico,CU,2022-12-19 15:45:17,21.9419,-79.17,83.1,47,17,9.75
73,Narsaq,GL,2022-12-19 15:45:18,60.9167,-46.05,8.82,66,0,7.67
74,Hobart,AU,2022-12-19 15:41:35,-42.8794,147.3294,55.26,85,100,3.44
75,Butaritari,KI,2022-12-19 15:45:18,3.0707,172.7902,81.32,79,91,16.93
76,Rabo De Peixe,PT,2022-12-19 15:45:19,37.8,-25.5833,66.27,98,40,14.97
77,Haines Junction,CA,2022-12-19 15:45:19,60.7522,-137.5108,-43.65,66,96,1.14
78,Rio Casca,BR,2022-12-19 15:43:05,-20.2261,-42.6508,72.52,94,100,2.39
79,Ambatofinandrahana,MG,2022-12-19 15:45:20,-20.55,46.8,65.68,85,46,1.97
80,Lavrentiya,RU,2022-12-19 15:45:20,65.5833,-171.0,15.35,74,79,6.02
81,Hilo,US,2022-12-19 15:45:21,19.7297,-155.09,75.27,85,0,3.44
82,Bathsheba,BB,2022-12-19 15:45:21,13.2167,-59.5167,84.81,86,40,20.71
83,Port Elizabeth,ZA,2022-12-19 15:40:58,-33.918,25.5701,73.69,74,20,16.11
84,Grand Gaube,MU,2022-12-19 15:45:22,-20.0064,57.6608,78.39,68,15,4.0
85,Atuona,PF,2022-12-19 15:45:22,-9.8,-139.0333,78.06,77,86,18.57
86,Torbay,CA,2022-12-19 15:45:22,47.6666,-52.7314,36.27,96,100,25.32
87,Thompson,CA,2022-12-19 15:45:23,55.7435,-97.8558,-16.44,69,100,9.22
88,Sungairaya,ID,2022-12-19 15:45:23,0.7,108.9,78.12,88,96,6.04
89,Saint-Joseph,RE,2022-12-19 15:45:24,-21.3667,55.6167,79.18,82,84,10.04
90,Kentau,KZ,2022-12-19 15:45:24,43.5206,68.5094,33.91,36,0,2.08
91,Bengkulu,ID,2022-12-19 15:46:25,-3.8004,102.2655,77.5,87,100,5.21
92,Viedma,AR,2022-12-19 15:46:25,-40.8135,-62.9967,85.55,25,97,6.15
93,Kuytun,RU,2022-12-19 15:46:25,54.3419,101.5036,10.87,88,100,10.67
94,Hofn,IS,2022-12-19 15:46:26,64.2539,-15.2082,30.22,64,100,21.85
95,Barrow,US,2022-12-19 15:46:26,71.2906,-156.7887,6.82,85,100,6.91
96,Avarua,CK,2022-12-19 15:46:27,-21.2078,-159.775,73.45,88,100,2.3
97,Edd,ER,2022-12-19 15:46:27,13.9297,41.6925,82.4,49,2,17.0
98,Kapaa,US,2022-12-19 15:46:27,22.0752,-159.319,75.18,90,100,5.75
99,Senhora Da Hora,PT,2022-12-19 15:46:28,41.1864,-8.6517,62.2,84,75,26.46
100,Chenghai,CN,2022-12-19 15:46:28,23.4632,116.768,48.11,87,0,2.24
101,Leningradskiy,RU,2022-12-19 15:46:29,69.3833,178.4167,6.64,84,14,9.31
102,Bredasdorp,ZA,2022-12-19 15:46:29,-34.5322,20.0403,68.9,48,31,15.39
103,Jamestown,US,2022-12-19 15:42:01,42.097,-79.2353,27.99,96,100,12.66
104,Balao,EC,2022-12-19 15:46:30,-2.9167,-79.8167,79.2,66,99,4.0
105,Zaraza,VE,2022-12-19 15:46:31,9.3503,-65.3245,89.82,41,99,7.47
106,Chokwe,MZ,2022-12-19 15:46:31,-24.5333,32.9833,82.74,55,86,10.33
107,Trinidad,BO,2022-12-19 15:46:31,-14.8333,-64.9,75.18,94,75,6.91
108,Dumabato,PH,2022-12-19 15:46:32,16.3167,121.7,67.42,99,100,3.53
109,Mosquera,CO,2022-12-19 15:46:32,4.7059,-74.2302,62.69,42,20,4.61
110,Goderich,CA,2022-12-19 15:46:32,43.7501,-81.7165,32.92,74,100,17.27
111,Ornskoldsvik,SE,2022-12-19 15:46:33,63.2909,18.7153,22.15,93,40,3.44
112,Laje,BR,2022-12-19 15:46:33,-10.1833,-40.9667,89.2,35,58,6.8
113,Lompoc,US,2022-12-19 15:46:33,34.6391,-120.4579,53.78,100,0,10.36
114,Abha,SA,2022-12-19 15:42:36,18.2164,42.5053,58.82,58,20,6.91
115,Ngunguru,NZ,2022-12-19 15:46:34,-35.6167,174.5,62.06,88,100,2.37
116,Saldanha,ZA,2022-12-19 15:46:34,-33.0117,17.9442,71.65,71,0,23.71
117,Vaini,TO,2022-12-19 15:46:35,-21.2,-175.2,77.16,94,20,5.75
118,Kamarion,GR,2022-12-19 15:46:35,36.8,25.8167,55.09,73,28,35.12
119,Berbera,SO,2022-12-19 15:46:36,10.4396,45.0143,77.68,61,30,9.33
120,Touros,BR,2022-12-19 15:46:36,-5.1989,-35.4608,85.95,57,5,13.11
121,Hami,CN,2022-12-19 15:46:36,42.8,93.45,20.86,50,51,2.26
122,Ponta Do Sol,PT,2022-12-19 15:46:37,32.6667,-17.1,71.01,94,98,10.6
123,Aklavik,CA,2022-12-19 15:46:37,68.2191,-135.0107,-29.2,75,0,5.75
124,Wanning,CN,2022-12-19 15:46:38,18.8003,110.3967,64.94,83,100,8.32
125,Sinnamary,GF,2022-12-19 15:46:38,5.3833,-52.95,75.29,95,100,10.38
126,Tabou,CI,2022-12-19 15:46:39,4.423,-7.3528,83.32,67,10,8.77
127,Fortuna,US,2022-12-19 15:46:39,40.5982,-124.1573,36.52,100,0,9.22
128,Merritt Island,US,2022-12-19 15:41:58,28.5392,-80.672,68.09,64,0,5.75
129,Mayo,US,2022-12-19 15:46:39,38.8876,-76.5119,39.11,55,0,12.66
130,Lebu,CL,2022-12-19 15:46:40,-37.6167,-73.65,61.12,65,100,8.39
131,Katsuura,JP,2022-12-19 15:46:40,35.1333,140.3,43.57,62,25,8.81
132,Longyearbyen,SJ,2022-12-19 15:46:41,78.2186,15.6401,13.84,67,75,12.66
133,Souillac,MU,2022-12-19 15:46:41,-20.5167,57.5167,77.2,71,38,11.68
134,Benton,US,2022-12-19 15:44:27,36.3334,-94.3335,41.29,54,100,11.5
135,Vigrestad,NO,2022-12-19 15:47:41,58.5667,5.7,42.58,83,98,30.91
136,Yabrud,SY,2022-12-19 15:47:42,33.9674,36.6574,46.22,47,0,2.84
137,Bodden Town,KY,2022-12-19 15:47:42,19.2833,-81.25,84.2,72,20,11.5
138,Merauke,ID,2022-12-19 15:47:42,-8.4667,140.3333,80.55,79,100,3.27
139,Port Lincoln,AU,2022-12-19 15:47:43,-34.7333,135.8667,64.8,75,100,7.2
140,Fairbanks,US,2022-12-19 15:45:05,64.8378,-147.7164,-31.04,75,0,0.0
141,Nanakuli,US,2022-12-19 15:47:43,21.3906,-158.1547,73.62,68,75,27.63
142,Macae,BR,2022-12-19 15:47:44,-22.3708,-41.7869,76.75,88,75,8.05
143,Huambo,AO,2022-12-19 15:47:44,-12.7761,15.7392,80.4,44,75,6.91
144,Sinjar,IQ,2022-12-19 15:47:44,36.3209,41.8754,54.0,49,30,1.92
145,Gulariya,NP,2022-12-19 15:47:45,28.2333,81.3333,63.18,70,22,3.96
146,Rocha,UY,2022-12-19 15:47:45,-34.4833,-54.3333,78.82,45,92,15.5
147,Henties Bay,NA,2022-12-19 15:47:45,-22.116,14.2845,65.61,81,15,12.26
148,Talnakh,RU,2022-12-19 15:47:46,69.4865,88.3972,-23.48,100,100,2.48
149,Golden,US,2022-12-19 15:45:05,39.7555,-105.2211,37.67,26,20,28.77
150,Hovd,MN,2022-12-19 15:47:46,48.0056,91.6419,3.16,83,100,1.99
151,Tocopilla,CL,2022-12-19 15:47:46,-22.092,-70.1979,73.96,68,9,6.04
152,Anadyr,RU,2022-12-19 15:47:47,64.75,177.4833,28.9,86,75,29.08
153,Baijiantan,CN,2022-12-19 15:47:47,45.6333,85.1833,8.02,91,53,5.44
154,Mount Isa,AU,2022-12-19 15:47:48,-20.7333,139.5,73.17,83,75,5.75
155,Saskylakh,RU,2022-12-19 15:47:48,71.9167,114.0833,-8.93,98,100,13.4
156,Kupino,RU,2022-12-19 15:47:48,54.3663,77.2981,28.0,91,100,15.68
157,Saint George,US,2022-12-19 15:45:00,37.1041,-113.5841,23.59,74,0,0.0
158,Namatanai,PG,2022-12-19 15:47:49,-3.6667,152.4333,78.51,82,100,3.13
159,Diapaga,BF,2022-12-19 15:47:49,12.0708,1.7889,91.13,9,2,11.99
160,Gazalkent,UZ,2022-12-19 15:47:50,41.5581,69.7708,35.4,55,12,7.99
161,Vanavara,RU,2022-12-19 15:47:50,60.34,102.2797,-22.11,100,97,1.83
162,Miri,MY,2022-12-19 15:47:50,4.4148,114.0089,81.16,94,40,2.3
163,La Ronge,CA,2022-12-19 15:47:51,55.1001,-105.2842,-12.75,70,100,13.8
164,Ozernovskiy,RU,2022-12-19 15:47:51,51.5,156.5167,26.11,92,100,10.76
165,Presidencia Roque Saenz Pena,AR,2022-12-19 15:47:52,-26.7852,-60.4388,94.53,22,0,3.87
166,Coihaique,CL,2022-12-19 15:47:52,-45.5752,-72.0662,61.41,55,0,8.05
167,Puerto Carreno,CO,2022-12-19 15:47:52,6.189,-67.4859,84.18,65,82,13.8
168,Kulu,TR,2022-12-19 15:47:53,39.0951,33.0799,45.01,79,100,14.23
169,Petawawa,CA,2022-12-19 15:47:53,45.9001,-77.3328,28.78,91,92,8.63
170,Bambous Virieux,MU,2022-12-19 15:47:53,-20.3428,57.7575,78.22,72,5,10.74
171,Omboue,GA,2022-12-19 15:47:54,-1.5746,9.2618,80.82,79,100,8.43
172,Tanggu,CN,2022-12-19 15:47:54,39.0211,117.6469,21.16,56,50,4.54
173,Dunedin,NZ,2022-12-19 15:45:29,-45.8742,170.5036,48.79,83,70,5.88
174,Petropavlovsk-Kamchatskiy,RU,2022-12-19 15:47:54,53.0452,158.6483,25.39,54,75,20.13
175,Taltal,CL,2022-12-19 15:47:55,-25.4,-70.4833,71.71,67,2,7.43
176,Sorgun,TR,2022-12-19 15:47:55,39.8101,35.186,39.33,94,100,11.79
177,Wainwright,CA,2022-12-19 15:47:55,52.839,-110.8572,-10.61,99,100,4.38
178,Chokurdakh,RU,2022-12-19 15:47:56,70.6333,147.9167,-8.84,99,67,2.39
179,Tamale,GH,2022-12-19 15:47:56,9.4008,-0.8393,96.08,8,20,8.3
180,Norwood,US,2022-12-19 15:45:15,42.1945,-71.1995,39.94,61,0,21.0
181,Geraldton,AU,2022-12-19 15:44:36,-28.7667,114.6,82.81,32,95,12.66
182,Mayumba,GA,2022-12-19 15:47:57,-3.432,10.6554,79.54,82,99,7.94
183,Kaeo,NZ,2022-12-19 15:48:57,-35.1,173.7833,61.32,94,100,2.57
184,Inta,RU,2022-12-19 15:48:57,66.0317,60.1659,14.67,82,100,13.0
185,Saint Anthony,US,2022-12-19 15:48:58,45.0205,-93.218,8.1,84,100,8.05
186,Ribeira Grande,PT,2022-12-19 15:48:58,38.5167,-28.7,65.77,88,20,14.0
187,Laguna,US,2022-12-19 15:48:58,38.421,-121.4238,43.05,90,100,5.75
188,Thunder Bay,CA,2022-12-19 15:48:59,48.4001,-89.3168,6.78,72,100,4.61
189,Carnarvon,AU,2022-12-19 15:48:59,-24.8667,113.6333,73.56,83,0,7.7
190,Kavaratti,IN,2022-12-19 15:49:00,10.5669,72.642,81.66,70,67,7.0
191,Victoria,HK,2022-12-19 15:45:14,22.2855,114.1577,63.25,73,56,5.99
192,Nichinan,JP,2022-12-19 15:49:00,31.6,131.3667,38.5,65,2,5.73
193,Kodiak,US,2022-12-19 15:49:01,57.79,-152.4072,31.51,80,100,11.5
194,Segou,ML,2022-12-19 15:49:01,13.4317,-6.2157,91.87,9,95,12.41
195,Aichach,DE,2022-12-19 15:49:01,48.4576,11.1341,35.35,97,100,2.3
196,Nikolskoye,RU,2022-12-19 15:49:02,59.7035,30.7861,30.79,91,100,7.87
197,Kerrville,US,2022-12-19 15:46:22,30.0474,-99.1403,45.23,96,100,8.05
198,Hailar,CN,2022-12-19 15:49:02,49.2,119.7,-13.86,100,100,3.74
199,Buala,SB,2022-12-19 15:49:03,-8.145,159.5921,79.29,79,61,2.06
200,Vostok,RU,2022-12-19 15:49:03,46.4856,135.8833,-13.95,98,99,4.43
201,Odweyne,SO,2022-12-19 15:49:03,9.4092,45.064,66.09,43,53,14.23
202,Saint-Philippe,RE,2022-12-19 15:49:04,-21.3585,55.7679,80.19,82,89,11.9
203,Novo Aripuana,BR,2022-12-19 15:49:04,-5.1206,-60.3797,86.34,62,97,3.76
204,Norman Wells,CA,2022-12-19 15:49:04,65.282,-126.8329,-23.76,76,40,4.61
205,Caravelas,BR,2022-12-19 15:49:05,-17.7125,-39.2481,83.35,66,100,8.99
206,Brawley,US,2022-12-19 15:49:05,32.9787,-115.5303,44.82,39,0,5.75
207,Vestmanna,FO,2022-12-19 15:49:06,62.1564,-7.1664,43.72,93,100,6.91
208,Davila,PH,2022-12-19 15:49:06,18.4726,120.5763,75.18,81,100,26.33
209,Kyren,RU,2022-12-19 15:49:06,51.6828,102.1408,-2.7,78,46,2.55
210,Skjervoy,NO,2022-12-19 15:49:07,70.0311,20.9714,15.8,80,100,4.56
211,Coahuayana,MX,2022-12-19 15:49:07,18.7333,-103.6833,80.46,43,1,2.59
212,Farafangana,MG,2022-12-19 15:49:08,-22.8167,47.8333,77.97,87,40,16.28
213,Palembang,ID,2022-12-19 15:48:35,-2.9167,104.7458,80.69,89,20,2.3
214,Sao Filipe,CV,2022-12-19 15:49:08,14.8961,-24.4956,79.79,54,62,11.18
215,Kisaran,ID,2022-12-19 15:49:08,2.9845,99.6158,73.72,97,100,1.7
216,Chiman,PK,2022-12-19 15:49:09,32.5463,73.8138,58.93,31,0,2.84
217,Dombarovskiy,RU,2022-12-19 15:49:09,50.7587,59.5386,31.19,82,100,16.37
218,Urusha,RU,2022-12-19 15:49:09,54.05,122.9,-31.14,95,44,2.64
219,Kiunga,PG,2022-12-19 15:49:10,-6.1219,141.2906,72.88,100,100,1.88
220,Arsenyev,RU,2022-12-19 15:49:10,44.1631,133.2733,-6.41,94,10,2.06
221,Galle,LK,2022-12-19 15:45:57,6.0367,80.217,76.23,86,100,1.77
222,Kirchberg,DE,2022-12-19 15:49:11,50.6167,12.5333,37.81,94,100,8.88
223,Kaputa,ZM,2022-12-19 15:49:11,-8.4689,29.6619,72.57,83,99,3.58
224,Alekseyevskoye,RU,2022-12-19 15:49:12,55.3071,50.1135,6.15,95,70,9.82
225,Gondanglegi,ID,2022-12-19 15:49:12,-7.7479,112.0132,75.56,89,99,4.99
226,Jumla,NP,2022-12-19 15:49:12,29.2747,82.1838,37.89,42,0,4.43
227,Faya,SA,2022-12-19 15:49:13,18.3851,42.4509,59.11,53,10,3.49
228,Mecca,SA,2022-12-19 15:49:13,21.4267,39.8261,78.37,56,9,9.35
229,Maragogi,BR,2022-12-19 15:50:13,-9.0122,-35.2225,84.54,50,9,10.67
230,Nyurba,RU,2022-12-19 15:50:14,63.2842,118.3319,-19.16,95,100,7.11
231,Egvekinot,RU,2022-12-19 15:50:14,66.3167,-179.1667,12.45,49,46,6.46
232,Nhulunbuy,AU,2022-12-19 15:50:15,-12.2333,136.7667,83.01,78,100,9.22
233,Huarmey,PE,2022-12-19 15:50:15,-10.0681,-78.1522,73.92,76,61,8.57
234,Nelson Bay,AU,2022-12-19 15:47:16,-32.7167,152.15,64.0,55,71,8.99
235,College,US,2022-12-19 15:48:39,64.8569,-147.8028,-31.05,74,0,0.0
236,Bambanglipuro,ID,2022-12-19 15:50:16,-7.95,110.2833,78.82,80,46,2.21
237,Axim,GH,2022-12-19 15:50:16,4.8699,-2.2405,80.42,78,42,6.69
238,Sturgeon Falls,CA,2022-12-19 15:50:16,46.3646,-79.9326,25.05,85,80,6.85
239,Mount Gambier,AU,2022-12-19 15:50:17,-37.8333,140.7667,57.16,52,24,8.3
240,Shelburne,CA,2022-12-19 15:50:17,44.0787,-80.2041,27.36,90,88,14.07
241,Shinjo,JP,2022-12-19 15:50:18,38.7586,140.3008,28.15,98,100,1.95
242,Avera,US,2022-12-19 15:50:18,33.194,-82.5271,45.55,46,31,7.76
243,Okha,RU,2022-12-19 15:50:18,53.5739,142.9478,-4.65,88,100,24.43
244,Telimele,GN,2022-12-19 15:50:19,10.9167,-13.3333,95.52,11,77,2.21
245,Kyzyl-Suu,KG,2022-12-19 15:50:19,42.3414,78.0056,22.24,54,1,9.66
246,Oranjemund,NA,2022-12-19 15:50:20,-28.55,16.4333,67.84,71,2,17.31
247,Novyy Urengoy,RU,2022-12-19 15:50:20,66.0833,76.6333,-17.79,100,100,3.67
248,Mendeleyevsk,RU,2022-12-19 15:50:21,55.9082,52.2905,16.84,92,88,11.03
249,Lamu,KE,2022-12-19 15:50:21,-2.2717,40.902,82.62,80,12,16.69
250,Eureka,US,2022-12-19 15:50:22,40.8021,-124.1637,36.79,61,100,3.22
251,Saint-Alexandre,FR,2022-12-19 15:50:22,44.2278,4.6214,57.9,84,100,8.68
252,Umm Kaddadah,SD,2022-12-19 15:50:22,13.6017,26.6876,78.13,22,17,11.27
253,Ilulissat,GL,2022-12-19 15:50:23,69.2167,-51.1,15.75,68,99,7.83
254,Portland,US,2022-12-19 15:46:26,45.5234,-122.6762,38.75,92,100,1.01
255,Naples,IT,2022-12-19 15:46:35,40.8333,14.25,57.02,67,0,6.91
256,Cravo Norte,CO,2022-12-19 15:50:23,6.3017,-70.2041,87.57,50,71,13.06
257,Dobric,RS,2022-12-19 15:50:24,44.7019,19.5814,33.8,75,18,8.72
258,Kungurtug,RU,2022-12-19 15:50:24,50.5994,97.5228,-13.5,97,96,1.99
259,Santa Cruz De La Palma,ES,2022-12-19 15:50:25,28.6835,-17.7642,71.74,68,20,2.3
260,Trat,TH,2022-12-19 15:50:25,12.5,102.5,75.87,71,13,6.93
261,Yichang,CN,2022-12-19 15:50:25,30.7144,111.2847,45.23,47,46,2.06
262,Baykit,RU,2022-12-19 15:50:26,61.67,96.37,-24.83,100,84,3.02
263,Bereda,ES,2022-12-19 15:50:26,43.2686,-7.5406,55.42,100,100,10.45
264,Sorland,NO,2022-12-19 15:50:26,67.667,12.6934,35.46,51,97,13.71
265,Lae,PG,2022-12-19 15:50:27,-6.7221,146.9847,74.61,89,100,4.99
266,Salalah,OM,2022-12-19 15:50:27,17.0151,54.0924,78.15,41,31,16.2
267,Nishihara,JP,2022-12-19 15:50:28,26.1842,127.7558,58.28,63,0,8.05
268,Sola,VU,2022-12-19 15:50:28,-13.8833,167.55,74.07,94,45,0.0
269,Kibiti,TZ,2022-12-19 15:50:28,-7.7218,38.9375,79.74,72,93,9.1
270,Hobyo,SO,2022-12-19 15:51:29,5.3505,48.5268,79.11,75,6,16.35
271,Batagay-Alyta,RU,2022-12-19 15:51:30,67.8006,130.4114,-31.09,100,95,2.37
272,Khasan,RU,2022-12-19 15:51:30,42.4308,130.6434,13.41,60,2,12.37
273,Qasigiannguit,GL,2022-12-19 15:51:30,68.8193,-51.1922,12.6,71,93,6.73
274,Ishigaki,JP,2022-12-19 15:51:31,24.3448,124.1572,64.53,68,75,14.97
275,Fare,PF,2022-12-19 15:51:31,-16.7,-151.0167,79.02,75,98,7.16
276,Taywarah,AF,2022-12-19 15:51:31,33.35,64.4167,29.75,67,45,2.55
277,Brigantine,US,2022-12-19 15:51:32,39.4101,-74.3646,37.2,54,0,17.27
278,Dalby,AU,2022-12-19 15:51:32,-27.1833,151.2667,60.98,71,53,1.01
279,Ratnagiri,IN,2022-12-19 15:51:32,16.9833,73.3,76.75,71,32,7.54
280,Kongolo,CD,2022-12-19 15:51:33,-5.3833,27.0,73.58,92,84,4.34
281,Ginir,ET,2022-12-19 15:51:33,7.1333,40.7,63.07,36,70,3.09
282,Qui Nhon,VN,2022-12-19 15:51:33,13.7667,109.2333,68.11,91,100,13.6
283,Tiksi,RU,2022-12-19 15:51:34,71.6872,128.8694,-8.28,100,100,7.49
284,Tura,IN,2022-12-19 15:51:34,25.5198,90.2201,62.13,79,67,2.71
285,Sandovo,RU,2022-12-19 15:51:34,58.4602,36.4128,24.53,90,92,8.01
286,Sao Joao Da Barra,BR,2022-12-19 15:51:35,-21.6403,-41.0511,77.09,91,100,16.64
287,Becerril,CO,2022-12-19 15:51:35,9.7041,-73.2793,89.02,44,100,1.21
288,Kaitangata,NZ,2022-12-19 15:51:36,-46.2817,169.8464,48.13,92,78,2.95
289,Abalak,RU,2022-12-19 15:51:36,58.1286,68.5944,32.2,98,100,9.37
290,Cabo San Lucas,MX,2022-12-19 15:51:36,22.8909,-109.9124,71.51,70,7,1.01
291,Hithadhoo,MV,2022-12-19 15:51:37,-0.6,73.0833,81.55,72,78,11.41
292,Ashtian,IR,2022-12-19 15:51:37,34.5217,50.0019,37.2,57,0,1.01
293,Provideniya,RU,2022-12-19 15:51:37,64.3833,-173.3,20.59,84,96,15.1
294,Birao,CF,2022-12-19 15:51:38,10.2849,22.7882,85.01,17,15,4.76
295,Richards Bay,ZA,2022-12-19 15:51:38,-28.783,32.0377,73.94,69,0,6.31
296,Saky,UA,2022-12-19 15:51:38,45.1356,33.6031,31.66,71,66,11.41
297,Wajima,JP,2022-12-19 15:51:39,37.4,136.9,36.59,96,100,12.21
298,Tautira,PF,2022-12-19 15:51:39,-17.7333,-149.15,78.78,76,100,8.52
299,Karlstad,SE,2022-12-19 15:51:40,59.3793,13.5036,30.76,93,100,3.44
300,Nyandoma,RU,2022-12-19 15:51:40,61.669,40.1991,10.6,96,100,4.9
301,Otane,NZ,2022-12-19 15:51:40,-39.8833,176.6333,61.02,98,100,2.21
302,Shingu,JP,2022-12-19 15:51:41,33.7333,135.9833,37.74,62,29,10.25
303,Soavinandriana,MG,2022-12-19 15:49:33,-19.1667,46.7333,62.89,93,97,3.4
304,Airai,TL,2022-12-19 15:51:41,-8.9266,125.4092,59.9,91,86,0.81
305,Kursk,RU,2022-12-19 15:50:24,51.7303,36.1939,23.2,80,0,13.42
306,Sangar,RU,2022-12-19 15:51:42,63.9242,127.4739,-26.03,91,100,10.13
307,Port Shepstone,ZA,2022-12-19 15:51:42,-30.7414,30.455,69.53,83,99,5.66
308,Meulaboh,ID,2022-12-19 15:51:43,4.1363,96.1285,77.41,87,100,3.09
309,Hervey Bay,AU,2022-12-19 15:51:43,-25.2986,152.8535,71.17,67,35,19.24
310,Khatanga,RU,2022-12-19 15:51:43,71.9667,102.5,-26.45,97,93,5.1
311,Teruel,ES,2022-12-19 15:51:44,40.6667,-0.6667,45.91,58,100,3.65
312,Abilene,US,2022-12-19 15:47:22,32.4487,-99.7331,51.19,55,20,9.22
313,Ustka,PL,2022-12-19 15:51:44,54.5805,16.8619,29.64,78,100,19.98
314,Miles City,US,2022-12-19 15:51:44,46.4083,-105.8406,-3.03,84,100,0.0
315,Bolgar,RU,2022-12-19 15:52:45,54.95,49.0667,6.48,88,8,9.4
316,Altay,CN,2022-12-19 15:52:45,47.8667,88.1167,0.9,78,99,5.19
317,Labuhan,ID,2022-12-19 15:52:45,-6.8844,112.2051,79.48,82,88,1.95
318,Likasi,CD,2022-12-19 15:52:46,-10.9814,26.7333,67.89,92,93,5.44
319,Duncan,US,2022-12-19 15:52:46,34.5023,-97.9578,48.38,47,40,19.57
320,Cavalcante,BR,2022-12-19 15:52:47,-13.7975,-47.4583,76.87,78,87,4.83
321,Lokosovo,RU,2022-12-19 15:52:47,61.1333,74.8167,6.55,95,100,11.48
322,Chuy,UY,2022-12-19 15:52:47,-33.6971,-53.4616,73.83,61,84,16.22
323,Doha,QA,2022-12-19 15:52:48,25.2867,51.5333,71.58,68,20,13.8
324,Padang,ID,2022-12-19 15:52:48,-0.9492,100.3543,77.32,85,100,4.32
325,San Quintin,MX,2022-12-19 15:52:48,30.4833,-115.95,58.08,63,0,3.4
326,Tuatapere,NZ,2022-12-19 15:52:49,-46.1333,167.6833,45.91,95,55,3.69
327,Ondjiva,AO,2022-12-19 15:52:49,-17.0667,15.7333,92.08,16,71,9.69
328,Hualmay,PE,2022-12-19 15:52:49,-11.0964,-77.6139,74.46,72,49,7.92
329,Iquitos,PE,2022-12-19 15:52:50,-3.7481,-73.2472,82.44,89,75,9.22
330,Bubaque,GW,2022-12-19 15:52:50,11.2833,-15.8333,82.44,37,62,4.27
331,Dimapur,IN,2022-12-19 15:52:50,25.9,93.7333,61.47,72,21,0.76
332,Itupiranga,BR,2022-12-19 15:52:51,-5.1347,-49.3267,88.12,66,100,3.36
333,Yubari,JP,2022-12-19 15:52:51,43.0378,141.9578,10.92,94,80,2.13
334,Ancud,CL,2022-12-19 15:48:42,-41.8697,-73.8203,63.63,52,100,4.94
335,Strezhevoy,RU,2022-12-19 15:52:52,60.7333,77.5889,0.91,97,97,8.5
336,Kasongo-Lunda,CD,2022-12-19 15:52:52,-6.4667,16.8167,75.88,78,93,4.34
337,Rolandia,BR,2022-12-19 15:52:52,-23.3097,-51.3692,66.11,84,100,10.0
338,Akdepe,TM,2022-12-19 15:52:53,42.0551,59.3788,28.49,43,0,2.95
339,Muros,ES,2022-12-19 15:52:53,42.7762,-9.0603,58.68,95,100,25.88
340,Camana,PE,2022-12-19 15:52:53,-16.6228,-72.7111,75.63,73,60,9.44
341,Mgandu,TZ,2022-12-19 15:52:54,-5.95,34.1333,66.61,78,70,5.1
342,Chapais,CA,2022-12-19 15:52:54,49.7834,-74.8492,19.18,93,99,4.05
343,Hirara,JP,2022-12-19 15:52:54,24.8,125.2833,66.36,64,97,18.32
344,Kapit,MY,2022-12-19 15:52:55,2.0167,112.9333,74.08,98,100,1.32
345,Biltine,TD,2022-12-19 15:52:55,14.5333,20.9167,81.28,15,89,9.08
346,Homer,US,2022-12-19 15:52:42,59.6425,-151.5483,19.8,67,0,13.0
347,Chara,RU,2022-12-19 15:52:56,56.9064,118.2631,-19.84,94,100,0.76
348,Waddan,LY,2022-12-19 15:52:56,29.1614,16.139,65.88,59,8,16.26
349,Sofia,BG,2022-12-19 15:50:46,42.6975,23.3242,35.29,75,100,11.5
350,Nanortalik,GL,2022-12-19 15:52:57,60.1432,-45.2371,20.48,65,28,6.13
351,Yangambi,CD,2022-12-19 15:52:57,0.8102,24.4336,80.06,68,87,1.39
352,Severo-Kurilsk,RU,2022-12-19 15:52:57,50.6789,156.125,29.68,90,100,25.95
353,Isetskoye,RU,2022-12-19 15:52:58,56.4858,65.3226,33.19,98,100,12.77
354,Aitape,PG,2022-12-19 15:52:58,-3.1374,142.3475,77.68,89,99,4.18
355,Stephenville Crossing,CA,2022-12-19 15:52:58,48.5,-58.4318,39.33,75,100,41.43
356,Mucurapo,TT,2022-12-19 15:52:59,10.6667,-61.5333,85.24,65,47,11.45
357,Bougouni,ML,2022-12-19 15:52:59,11.417,-7.479,94.98,8,47,8.81
358,Taksimo,RU,2022-12-19 15:52:03,56.3444,114.8794,-12.26,99,100,0.27
359,Vao,NC,2022-12-19 15:53:00,-22.6667,167.4833,77.07,79,99,14.76
360,Karla,EE,2022-12-19 15:53:00,59.3723,24.9275,34.57,83,75,9.22
361,Grand Junction,US,2022-12-19 15:52:14,39.0639,-108.5507,26.2,75,0,0.0
362,Iquique,CL,2022-12-19 15:52:28,-20.2208,-70.1431,73.44,70,0,7.78
363,Vila Velha,BR,2022-12-19 15:53:24,-20.3297,-40.2925,73.94,98,100,5.75
364,Komsomolskiy,UZ,2022-12-19 15:54:01,40.4272,71.7189,30.92,86,84,2.3
365,Steenbergen,NL,2022-12-19 15:54:01,51.5842,4.3194,51.94,80,100,10.36
366,Khani,GE,2022-12-19 15:54:01,41.9563,42.9566,42.37,99,100,1.72
367,Ust-Ilimsk,RU,2022-12-19 15:54:02,58.0006,102.6619,-1.98,99,100,3.4
368,Chernyshkovskiy,RU,2022-12-19 15:54:02,48.4219,42.2308,26.74,73,63,10.74
369,Yakeshi,CN,2022-12-19 15:54:03,49.2833,120.7333,-25.29,100,100,2.66
370,Qandala,SO,2022-12-19 15:54:03,11.472,49.8728,75.34,80,84,7.47
371,Atamanovka,RU,2022-12-19 15:54:03,51.93,113.63,1.18,83,97,9.26
372,Dubinino,RU,2022-12-19 15:54:04,55.6192,89.0911,10.27,93,100,4.25
373,Iisalmi,FI,2022-12-19 15:54:04,63.5592,27.1907,22.33,93,58,7.58
374,Marsa Matruh,EG,2022-12-19 15:54:05,31.3525,27.2453,66.4,68,40,10.36
375,Pareora,NZ,2022-12-19 15:54:05,-44.4871,171.2132,54.18,97,100,9.44
376,Marquette,US,2022-12-19 15:54:06,46.5333,-87.6335,18.68,80,60,7.18
377,Manggar,ID,2022-12-19 15:54:06,-2.8833,108.2667,78.8,81,27,2.71
378,Chabahar,IR,2022-12-19 15:54:06,25.2919,60.643,75.0,37,0,7.99
379,Fort Saint James,CA,2022-12-19 15:54:07,54.4333,-124.25,-23.85,96,11,2.3
380,San Jose,US,2022-12-19 15:49:31,37.3394,-121.895,48.87,81,40,0.0
381,Saint-Augustin,CA,2022-12-19 15:54:07,51.226,-58.6502,34.56,75,100,26.08
382,Dawei,MM,2022-12-19 15:54:08,14.0833,98.2,66.43,63,99,5.61
383,Wynyard,AU,2022-12-19 15:54:08,-41.0,145.7167,54.99,89,24,5.99
384,Itacare,BR,2022-12-19 15:54:08,-14.2775,-38.9967,82.74,61,83,9.01
385,Carlyle,US,2022-12-19 15:54:09,38.6103,-89.3726,33.03,71,100,7.18
386,Kolokani,ML,2022-12-19 15:54:09,13.5728,-8.0339,91.92,8,99,12.62
387,Menongue,AO,2022-12-19 15:54:10,-14.6585,17.691,87.19,23,35,5.91
388,Chirongui,YT,2022-12-19 15:54:10,-12.9319,45.1483,82.33,73,2,13.09
389,Suicheng,CN,2022-12-19 15:54:10,33.8963,117.9331,35.47,51,4,5.93
390,Sterling,US,2022-12-19 15:49:32,39.0062,-77.4286,38.98,54,75,12.66
391,Palmer,US,2022-12-19 15:54:11,42.1584,-72.3287,37.78,66,75,17.27
392,Cururupu,BR,2022-12-19 15:54:11,-1.8283,-44.8683,89.13,52,97,8.01
393,High Level,CA,2022-12-19 15:54:12,58.5169,-117.136,-32.69,68,40,2.3
394,Sisophon,KH,2022-12-19 15:54:12,13.5859,102.9737,66.31,69,45,7.0
395,Cap Malheureux,MU,2022-12-19 15:54:13,-19.9842,57.6142,78.48,68,12,7.0
396,Cayenne,GF,2022-12-19 15:54:13,4.9333,-52.3333,78.84,89,40,9.22
397,Datong,CN,2022-12-19 15:54:13,40.0936,113.2914,20.1,37,44,5.75
398,Cotonou,BJ,2022-12-19 15:54:14,6.3654,2.4183,87.78,66,20,11.5
399,Lagoa,PT,2022-12-19 15:54:14,39.05,-27.9833,61.16,80,5,27.65
400,Dwarka,IN,2022-12-19 15:54:15,22.2394,68.9678,76.39,55,44,10.8
401,Nampula,MZ,2022-12-19 15:54:15,-15.1165,39.2666,91.35,43,75,8.05
402,Bonthe,SL,2022-12-19 15:54:15,7.5264,-12.505,87.51,56,55,10.89
403,Valdemarpils,LV,2022-12-19 15:54:16,57.3707,22.5919,21.72,73,89,10.8
404,Bayevo,RU,2022-12-19 15:54:16,53.2833,80.7667,21.11,95,100,16.46
405,Lang Son,VN,2022-12-19 15:54:16,21.8333,106.7333,50.38,41,3,1.74
406,Ola,RU,2022-12-19 15:54:17,59.5833,151.2833,14.02,81,100,10.69
407,Esik,KZ,2022-12-19 15:54:17,43.3552,77.4525,15.22,61,3,7.94
408,Sisimiut,GL,2022-12-19 15:54:18,66.9395,-53.6735,22.41,54,57,12.37
409,Tarbagatay,RU,2022-12-19 15:54:18,51.4803,107.3602,6.33,96,95,4.45
410,Ixtapa,MX,2022-12-19 15:55:18,20.7,-105.2,71.22,70,0,1.01
411,Chimoio,MZ,2022-12-19 15:55:19,-19.1164,33.4833,73.26,100,75,8.05
412,Lata,PT,2022-12-19 15:55:19,40.1629,-8.3327,62.08,87,100,10.58
413,Tiznit,MA,2022-12-19 15:55:19,29.5833,-9.5,71.22,22,80,4.76
414,Zhigansk,RU,2022-12-19 15:55:20,66.7697,123.3711,-22.49,94,100,18.05
415,Labrea,BR,2022-12-19 15:55:20,-7.2586,-64.7981,91.9,49,98,2.95
416,Mahon,ES,2022-12-19 15:55:21,39.8885,4.2658,61.36,88,40,10.36
417,San Vicente,AR,2022-12-19 15:55:21,-26.6167,-54.1333,85.8,36,6,1.43
418,Pangnirtung,CA,2022-12-19 15:55:21,66.1451,-65.7125,19.4,93,100,4.61
419,Vila Franca Do Campo,PT,2022-12-19 15:55:22,37.7167,-25.4333,66.2,85,22,14.72
420,Amuntai,ID,2022-12-19 15:55:22,-2.4177,115.2494,74.73,90,53,1.7
421,Aguimes,ES,2022-12-19 15:55:23,27.9054,-15.4461,70.66,68,0,5.75
422,Vila Do Maio,CV,2022-12-19 15:55:23,15.1333,-23.2167,84.99,73,27,16.62
423,Baoning,CN,2022-12-19 15:55:23,25.3378,110.026,39.06,75,0,0.0
424,Kirakira,SB,2022-12-19 15:55:24,-10.4544,161.9205,79.25,83,62,5.08
425,Sidhi,IN,2022-12-19 15:55:24,24.4167,81.8833,58.51,41,4,1.66
426,Sulangan,PH,2022-12-19 15:55:24,11.1373,123.7228,79.41,81,100,12.35
427,San Cristobal,VE,2022-12-19 15:55:25,7.7669,-72.225,73.58,46,94,6.67
428,La Palma,US,2022-12-19 15:55:25,33.8464,-118.0467,56.17,41,28,2.1
429,Sura,RU,2022-12-19 15:55:26,53.8879,45.7419,13.19,91,11,4.94
430,Tahe,CN,2022-12-19 15:55:26,52.3333,124.7333,-22.81,96,9,3.13
431,Acarau,BR,2022-12-19 15:55:26,-2.8856,-40.12,88.18,52,88,19.15
432,Pevek,RU,2022-12-19 15:55:27,69.7008,170.3133,17.62,64,38,7.34
433,Reconquista,AR,2022-12-19 15:55:27,-29.15,-59.65,92.7,25,8,5.35
434,Isangel,VU,2022-12-19 15:55:27,-19.55,169.2667,77.11,88,40,2.3
435,Port-Gentil,GA,2022-12-19 15:55:28,-0.7193,8.7815,85.96,74,40,10.36
436,Olean,US,2022-12-19 15:51:03,42.0776,-78.4297,27.18,100,100,3.44
437,Kahului,US,2022-12-19 15:55:28,20.8947,-156.47,74.84,87,90,3.0
438,Ayan,RU,2022-12-19 15:55:29,56.45,138.1667,-10.53,77,7,13.73
439,Kupang,ID,2022-12-19 15:55:29,-10.1667,123.5833,79.57,77,68,6.58
440,Kushima,JP,2022-12-19 15:55:29,31.4583,131.2333,37.83,67,0,7.05
441,Surgut,RU,2022-12-19 15:54:55,61.25,73.4167,8.78,84,75,11.18
442,Alta,NO,2022-12-19 15:55:30,69.9689,23.2717,15.19,83,100,13.0
443,Sao Francisco,BR,2022-12-19 15:55:30,-15.9486,-44.8644,82.18,69,62,3.94
444,Ugoofaaru,MV,2022-12-19 15:55:30,5.6667,73.0,81.32,72,42,7.76
445,Roebourne,AU,2022-12-19 15:55:31,-20.7833,117.1333,77.23,67,16,13.73
446,Ushtobe,KZ,2022-12-19 15:55:31,45.2514,77.9838,10.42,88,5,6.51
447,Coronel Oviedo,PY,2022-12-19 15:55:31,-25.4167,-56.45,94.35,35,2,0.45
448,Brae,GB,2022-12-19 15:55:32,60.3964,-1.353,50.22,96,100,18.01
449,Antofagasta,CL,2022-12-19 15:55:32,-23.65,-70.4,70.88,65,1,9.35
450,Saint-Pierre,RE,2022-12-19 15:55:32,-21.3393,55.4781,80.28,65,0,3.44
451,Taoudenni,ML,2022-12-19 15:55:33,22.6783,-3.9836,81.34,12,0,13.47
452,Broken Hill,AU,2022-12-19 15:55:33,-31.95,141.4333,72.05,22,100,17.22
453,Emerald,AU,2022-12-19 15:55:34,-23.5333,148.1667,65.34,76,16,12.37
454,Shangrao,CN,2022-12-19 15:55:34,28.4532,117.9686,37.56,59,0,4.99
455,Houlton,US,2022-12-19 15:55:34,46.1262,-67.8403,32.72,66,100,10.36
456,Basco,PH,2022-12-19 15:55:35,20.4487,121.9702,73.24,71,98,29.82
457,Skelleftea,SE,2022-12-19 15:55:35,64.7507,20.9528,19.76,100,0,9.22
458,Luderitz,NA,2022-12-19 15:56:35,-26.6481,15.1594,71.01,65,0,26.89
459,Forestville,US,2022-12-19 15:56:36,38.8451,-76.875,38.46,53,0,20.71
460,Glens Falls,US,2022-12-19 15:56:36,43.3095,-73.644,36.52,75,43,5.99
461,Sydney,AU,2022-12-19 15:55:08,-33.8679,151.2073,58.71,72,75,12.66
462,Santa Vitoria Do Palmar,BR,2022-12-19 15:56:37,-33.5189,-53.3681,73.51,64,71,15.93
463,Ostrovnoy,RU,2022-12-19 15:56:37,68.0531,39.5131,20.43,87,100,15.9
464,Codrington,AU,2022-12-19 15:56:37,-38.2667,141.9667,47.62,78,0,9.26
465,Nalut,LY,2022-12-19 15:56:38,30.3333,10.85,63.99,51,22,13.67
466,Verkhnevilyuysk,RU,2022-12-19 15:56:38,63.4453,120.3167,-15.7,91,100,6.6
467,Sharjah,AE,2022-12-19 15:56:38,25.3573,55.4033,76.98,49,0,6.91
468,Volot,RU,2022-12-19 15:56:39,57.9278,30.7025,28.02,94,100,10.4
469,Tazovskiy,RU,2022-12-19 15:56:39,67.4667,78.7,-23.1,100,97,4.16
470,Nabire,ID,2022-12-19 15:56:39,-3.3667,135.4833,76.78,87,63,3.0
471,Uxbridge,US,2022-12-19 15:56:40,42.0773,-71.6295,39.33,61,8,13.0
472,Kudahuvadhoo,MV,2022-12-19 15:56:40,2.6708,72.8944,80.92,71,88,6.78
473,Vardo,NO,2022-12-19 15:56:40,70.3705,31.1107,24.78,86,75,12.66
474,Ust-Kuyga,RU,2022-12-19 15:56:41,70.0167,135.6,-25.78,98,53,8.14
475,Stuttgart,DE,2022-12-19 15:54:52,48.7823,9.177,38.43,96,100,3.44
476,Naze,JP,2022-12-19 15:56:41,28.3667,129.4833,54.52,71,90,9.46
477,Puerto Escondido,MX,2022-12-19 15:53:02,15.85,-97.0667,83.12,53,18,2.8
478,Ahipara,NZ,2022-12-19 15:56:42,-35.1667,173.1667,61.05,92,100,2.33
479,Chernyshevskiy,RU,2022-12-19 15:56:42,63.0128,112.4714,-33.16,99,97,2.62
480,Atambua,ID,2022-12-19 15:56:42,-9.1061,124.8925,73.85,84,63,3.8
481,Borjomi,GE,2022-12-19 15:56:43,41.8527,43.4128,44.58,98,100,2.06
482,Havoysund,NO,2022-12-19 15:56:43,70.9963,24.6622,32.23,75,100,14.36
483,La Crosse,US,2022-12-19 15:56:42,43.8014,-91.2396,7.41,89,55,1.9
484,Tuy Hoa,VN,2022-12-19 15:56:43,13.0833,109.3,69.3,91,100,11.03
485,Banjar,ID,2022-12-19 15:56:44,-8.19,114.9675,76.59,86,61,3.36
486,Nokha,IN,2022-12-19 15:56:44,27.6,73.4167,61.2,21,34,7.16
487,Tigil,RU,2022-12-19 15:56:44,57.8,158.6667,0.63,99,92,3.36
488,Tongliao,CN,2022-12-19 15:56:45,43.6125,122.2653,7.92,60,3,5.93
489,Porirua,NZ,2022-12-19 15:56:45,-41.1333,174.85,60.22,93,96,3.04
490,Umm Lajj,SA,2022-12-19 15:56:46,25.0213,37.2685,78.24,55,12,1.68
491,Eenhana,NA,2022-12-19 15:56:46,-17.4667,16.3333,90.82,15,77,8.21
492,Champerico,GT,2022-12-19 15:56:46,14.3,-91.9167,86.54,63,0,1.61
493,Maun,BW,2022-12-19 15:56:47,-19.9833,23.4167,91.36,35,40,4.61
494,Keokuk,US,2022-12-19 15:56:47,40.3973,-91.3849,29.08,74,0,8.05
495,Tutoia,BR,2022-12-19 15:56:47,-2.7619,-42.2744,86.27,60,86,14.83
496,Margate,GB,2022-12-19 15:56:48,51.3813,1.3862,53.87,88,100,8.99
497,Khorramabad,IR,2022-12-19 15:56:48,33.4878,48.3558,47.82,61,0,4.61
498,Klaksvik,FO,2022-12-19 15:56:48,62.2266,-6.589,45.52,99,100,15.35
499,Torrevieja,ES,2022-12-19 15:56:49,37.9787,-0.6822,64.99,79,10,1.99
500,Artigas,UY,2022-12-19 15:56:49,-30.4,-56.4667,90.43,26,0,9.06
501,Acapulco,MX,2022-12-19 15:53:04,16.8634,-99.8901,80.73,49,8,1.83
502,Ossora,RU,2022-12-19 15:56:50,59.2353,163.0719,32.23,92,100,12.55
503,Dodge City,US,2022-12-19 15:56:50,37.7528,-100.0171,40.24,65,79,4.0
504,Waingapu,ID,2022-12-19 15:56:50,-9.6567,120.2641,77.97,81,100,6.08
505,Brookhaven,US,2022-12-19 15:53:00,31.5791,-90.4407,40.24,56,99,5.03
506,Mugur-Aksy,RU,2022-12-19 15:56:51,50.35,90.5,5.83,96,100,5.17
507,Te Anau,NZ,2022-12-19 15:57:51,-45.4167,167.7167,43.36,92,64,3.62
508,Jieznas,LT,2022-12-19 15:57:52,54.6,24.1667,15.39,75,50,13.76
509,Sakaraha,MG,2022-12-19 15:57:52,-22.9,44.5333,78.58,67,100,8.01
510,Maumere,ID,2022-12-19 15:57:52,-8.6199,122.2111,80.58,79,89,7.49
511,Manokwari,ID,2022-12-19 15:57:53,-0.8667,134.0833,78.06,82,99,1.43
512,Tailai,CN,2022-12-19 15:57:53,46.3833,123.4,-8.03,88,9,3.42
513,Maiduguri,NG,2022-12-19 15:57:53,11.8464,13.1603,81.7,18,70,12.71
514,Piranshahr,IR,2022-12-19 15:57:54,36.701,45.1413,40.12,65,79,1.1
515,Minab,IR,2022-12-19 15:57:54,27.1467,57.0801,71.37,28,0,11.92
516,San Isidro,PE,2022-12-19 15:57:54,-12.1167,-77.05,74.79,73,0,10.36
517,Alekseyevka,RU,2022-12-19 15:57:55,50.6309,38.6903,25.27,74,21,12.37
518,Coquimbo,CL,2022-12-19 15:57:55,-29.9533,-71.3436,64.13,77,75,11.5
519,Hay River,CA,2022-12-19 15:57:55,60.8156,-115.7999,-22.02,69,20,5.75
520,Cantavir,RS,2022-12-19 15:57:56,45.9219,19.7627,33.22,79,31,9.84
521,Dogondoutchi,NE,2022-12-19 15:57:56,13.6393,4.0287,89.91,8,15,12.46
522,Mahalingpur,IN,2022-12-19 15:57:57,16.3833,75.1167,70.39,35,76,7.47
523,Nioro,GM,2022-12-19 15:57:57,13.35,-15.75,97.66,8,81,11.1
524,Patea,NZ,2022-12-19 15:57:57,-39.7583,174.4833,54.91,95,74,3.6
525,Esperance,AU,2022-12-19 15:57:58,-33.8667,121.9,59.45,87,0,9.19
526,Navodari,RO,2022-12-19 15:57:58,44.3167,28.6,27.91,80,75,9.22
527,Huicungo,PE,2022-12-19 15:57:58,-7.2833,-76.8,84.45,74,40,5.75
528,Port Hardy,CA,2022-12-19 15:57:59,50.6996,-127.4199,19.58,68,20,19.57
529,Alta Floresta,BR,2022-12-19 15:57:59,-9.8756,-56.0861,76.41,86,100,3.04
530,Yerbogachen,RU,2022-12-19 15:57:59,61.2767,108.0108,-9.29,99,100,4.27
531,Terre-De-Bas,GP,2022-12-19 15:58:00,15.8501,-61.6442,83.71,66,2,17.63
532,Ntcheu,MW,2022-12-19 15:58:00,-14.8203,34.6359,66.96,93,100,3.11
533,Roblin,CA,2022-12-19 15:58:01,51.23,-101.3565,-6.79,97,94,5.19
534,Halifax,CA,2022-12-19 15:55:52,44.6453,-63.5724,38.21,94,100,16.11
535,Tessalit,ML,2022-12-19 15:58:01,20.1986,1.0114,83.88,10,0,8.63
536,Enshi,CN,2022-12-19 15:58:01,30.3,109.4833,42.03,69,17,0.87
537,Ryotsu,JP,2022-12-19 15:58:02,38.0833,138.4333,34.41,92,100,9.01
538,Qaqortoq,GL,2022-12-19 15:58:02,60.7167,-46.0333,10.94,65,1,7.2
539,Balabac,PH,2022-12-19 15:58:03,7.9868,117.0645,81.5,80,100,12.01
540,Rawson,AR,2022-12-19 15:53:36,-43.3002,-65.1023,71.55,38,81,21.41
541,San Bartolome De Tirajana,ES,2022-12-19 15:55:21,27.9248,-15.5733,63.32,70,0,5.75
542,Klyuchi,RU,2022-12-19 15:58:03,52.2667,79.1667,23.92,85,100,15.28
543,San Andres,CO,2022-12-19 15:58:04,12.5847,-81.7006,84.22,70,20,10.36
544,Vallenar,CL,2022-12-19 15:58:04,-28.5708,-70.7581,84.45,22,0,9.93
545,Svetlogorsk,BY,2022-12-19 15:58:05,52.6333,29.7333,0.93,96,18,4.97
546,El Cope,PA,2022-12-19 15:58:05,8.6167,-80.6,74.07,73,97,9.78
547,Slave Lake,CA,2022-12-19 15:58:06,55.2834,-114.769,-16.62,69,100,14.97
548,Tongren,CN,2022-12-19 15:58:06,27.7172,109.1853,46.17,36,2,2.77
549,Carutapera,BR,2022-12-19 15:58:06,-1.195,-46.02,86.7,59,99,9.42
550,Lahij,YE,2022-12-19 15:58:07,13.1667,44.5833,72.61,52,0,4.7
551,Luanda,AO,2022-12-19 15:59:07,-8.8368,13.2343,84.2,61,20,14.97
552,Byron Bay,AU,2022-12-19 15:59:07,-28.65,153.6167,57.94,73,53,13.91
553,Sarakhs,IR,2022-12-19 15:59:08,36.5449,61.1577,44.02,46,0,1.23
554,Tecoanapa,MX,2022-12-19 15:59:08,16.5167,-98.75,80.76,53,6,1.54
555,Grand-Santi,GF,2022-12-19 15:59:08,4.25,-54.3833,77.2,89,100,3.38
556,Mahibadhoo,MV,2022-12-19 15:59:09,3.7833,72.9667,81.05,72,91,8.72
557,Businga,CD,2022-12-19 15:59:09,3.3333,20.8833,88.29,35,61,3.8
558,Marinette,US,2022-12-19 15:55:36,45.1,-87.6307,18.09,79,100,6.91
559,Verkhoyansk,RU,2022-12-19 15:59:10,67.5447,133.385,-35.73,98,25,1.92
560,Matay,EG,2022-12-19 15:59:10,28.419,30.7792,69.15,40,7,9.08
561,Severnyy,RU,2022-12-19 15:59:11,50.677,36.5532,23.04,86,0,13.42
562,Tarakan,ID,2022-12-19 15:59:11,3.3,117.6333,80.08,76,99,0.65
563,Yambio,SS,2022-12-19 15:59:11,4.5721,28.3955,85.73,30,54,0.92
564,Gewane,ET,2022-12-19 15:59:12,10.1664,40.6453,82.24,27,5,11.32
565,Hudson Bay,CA,2022-12-19 15:59:12,52.85,-102.3842,-6.72,97,100,7.65
566,Cabedelo,BR,2022-12-19 15:59:12,-6.9811,-34.8339,88.47,62,3,11.39
567,Manavalakurichi,IN,2022-12-19 15:59:13,8.1333,77.3,78.39,67,100,9.26
568,Hong Gai,VN,2022-12-19 15:59:13,20.956,107.0946,57.11,52,30,4.72
569,Sidney,AU,2022-12-19 15:54:33,-33.8679,151.2073,58.71,72,75,12.66
570,Honningsvag,NO,2022-12-19 15:59:14,70.9821,25.9704,31.75,74,40,8.05
571,Vestmannaeyjar,IS,2022-12-19 15:59:14,63.4427,-20.2734,31.19,69,100,23.02
572,Kota Kinabalu,MY,2022-12-19 15:59:15,5.9749,116.0724,78.78,94,20,4.61
573,Iqaluit,CA,2022-12-19 15:59:15,63.7506,-68.5145,17.33,92,100,2.3
574,Mitu,CO,2022-12-19 15:59:15,1.1983,-70.1733,82.69,70,100,3.83
575,Jardim,BR,2022-12-19 15:59:16,-21.4803,-56.1381,79.41,79,83,2.35
576,Batemans Bay,AU,2022-12-19 15:59:16,-35.7167,150.1833,56.59,71,97,5.91
577,Quebec,CA,2022-12-19 15:54:58,46.8123,-71.2145,33.48,91,100,10.36
578,Tongchuan,CN,2022-12-19 15:59:17,35.0806,109.0897,33.28,31,99,6.13
579,Banda Aceh,ID,2022-12-19 15:55:03,5.5577,95.3222,77.76,85,100,5.3
580,Tobermory,CA,2022-12-19 15:59:17,45.2501,-81.6665,27.37,72,100,21.85
581,Leeton,AU,2022-12-19 15:59:18,-34.5667,146.4,60.89,37,0,11.95
582,Oktyabrskiy,RU,2022-12-19 15:56:13,54.4815,53.471,14.18,91,100,10.85
583,Paternion,AT,2022-12-19 15:59:18,46.7142,13.6361,38.23,93,100,2.01
584,Yar-Sale,RU,2022-12-19 15:59:18,66.8333,70.8333,-7.83,100,100,6.17
585,Pinotepa Nacional,MX,2022-12-19 15:59:19,16.3167,-98.0167,84.56,44,7,1.83
586,Itarema,BR,2022-12-19 15:59:19,-2.9248,-39.9167,87.84,52,87,16.89
587,Vanimo,PG,2022-12-19 15:59:20,-2.6741,141.3028,77.7,89,87,5.06
588,Nanchital,MX,2022-12-19 15:59:20,18.0667,-94.4,69.82,100,100,0.0
589,Khalkhal,IR,2022-12-19 15:59:20,37.6189,48.5258,37.18,74,9,3.42
590,Turbat,PK,2022-12-19 15:59:21,26.0023,63.044,68.79,23,1,18.39
591,Sao Joao Do Piaui,BR,2022-12-19 15:59:21,-8.3581,-42.2467,98.06,26,62,5.59
592,Shenjiamen,CN,2022-12-19 15:59:21,29.9576,122.298,45.72,49,0,5.91
593,Mapua,NZ,2022-12-19 15:59:22,-41.25,173.1,59.0,92,98,2.21
594,Karatuzskoye,RU,2022-12-19 15:59:22,53.6072,92.8667,3.78,97,100,2.39
595,Beringovskiy,RU,2022-12-19 15:59:22,63.05,179.3167,32.27,96,100,20.27
596,Khomutovo,RU,2022-12-19 15:59:23,52.4658,104.4025,5.61,97,100,2.86
597,Santa Cruz,BO,2022-12-19 15:54:37,-17.8,-63.1667,75.25,73,75,6.91
598,Hambantota,LK,2022-12-19 15:59:23,6.1241,81.1185,75.54,100,75,4.61
599,Sao Geraldo Do Araguaia,BR,2022-12-19 15:59:24,-6.4006,-48.555,83.35,78,98,2.93
600,Mangai,CD,2022-12-19 16:00:24,-4.05,19.5333,72.34,97,92,3.11
601,Partapur,IN,2022-12-19 16:00:25,23.6,74.1667,73.62,23,23,2.59
602,Todos Santos,MX,2022-12-19 16:00:26,23.45,-110.2167,69.66,72,6,3.67
603,Shimoda,JP,2022-12-19 16:00:26,34.6667,138.95,37.11,67,5,23.62
604,Roald,NO,2022-12-19 16:00:27,62.5833,6.1333,41.32,60,75,8.05
605,Kapenguria,KE,2022-12-19 16:00:28,1.2511,35.0895,63.37,54,78,4.27
606,Constitucion,CL,2022-12-19 16:00:29,-35.3333,-72.4167,63.48,63,56,7.61
607,Yatou,CN,2022-12-19 16:00:29,37.15,122.3833,25.86,70,7,1.41
608,Broome,US,2022-12-19 16:00:30,42.2506,-75.833,31.46,78,100,13.8
609,Pangai,TO,2022-12-19 16:00:31,-19.8,-174.35,80.19,81,4,11.27
610,Opuwo,NA,2022-12-19 16:00:31,-18.0607,13.84,88.23,17,37,15.52
611,Rapid Valley,US,2022-12-19 16:00:32,44.0625,-103.1463,6.62,86,100,5.75
612,Assiniboia,CA,2022-12-19 15:56:04,49.6334,-105.9845,-13.18,77,100,2.3
613,Namibe,AO,2022-12-19 16:00:33,-15.1961,12.1522,73.04,71,68,11.3
614,Barranca,PE,2022-12-19 16:00:33,-10.75,-77.7667,73.76,72,28,8.79
615,Salur,IN,2022-12-19 16:00:34,18.5333,83.2167,65.79,71,47,1.21
616,Hamilton,US,2022-12-19 15:59:21,39.1834,-84.5333,27.86,72,100,1.99
617,West Plains,US,2022-12-19 16:00:35,36.7281,-91.8524,35.65,72,99,3.0
618,Kurumkan,RU,2022-12-19 16:00:35,54.3,110.3,-6.95,93,42,4.23
619,Hongjiang,CN,2022-12-19 16:00:36,27.11,109.9956,45.72,33,1,2.98
620,Ahuimanu,US,2022-12-19 16:00:36,21.4447,-157.8378,72.54,79,97,5.99
621,Tadine,NC,2022-12-19 16:00:37,-21.55,167.8833,77.14,83,82,7.76
622,Yulara,AU,2022-12-19 16:00:37,-25.2406,130.9889,81.86,31,96,14.92
623,Eyl,SO,2022-12-19 16:00:37,7.9803,49.8164,79.3,70,40,26.19
624,Aligudarz,IR,2022-12-19 15:58:06,33.4006,49.6949,39.43,48,0,2.82
625,Key Largo,US,2022-12-19 15:55:46,25.0865,-80.4473,75.0,73,57,16.96
626,Aripuana,BR,2022-12-19 16:00:38,-9.1667,-60.6333,76.39,90,100,2.3
627,Vakhtan,RU,2022-12-19 16:00:39,57.9659,46.6889,-12.05,100,53,3.42
628,Luau,AO,2022-12-19 16:00:39,-10.7073,22.2247,65.73,97,99,8.32
629,Sorong,ID,2022-12-19 16:00:40,-0.8833,131.25,79.48,84,100,6.2
630,Chongwe,ZM,2022-12-19 16:00:40,-15.3292,28.682,75.6,65,88,4.09
631,Rundu,NA,2022-12-19 16:00:41,-17.9333,19.7667,95.83,13,97,9.75
632,Kamenka,RU,2022-12-19 16:00:41,51.3223,42.7678,23.04,81,7,9.95
633,Chitradurga,IN,2022-12-19 16:00:42,14.2333,76.4,66.74,72,90,8.37
634,Alofi,NU,2022-12-19 16:00:42,-19.0595,-169.9187,79.38,78,23,10.65
635,Nizip,TR,2022-12-19 16:00:43,37.0097,37.7942,53.73,59,0,0.78
636,Mbandaka,CD,2022-12-19 16:00:43,0.0487,18.2603,82.4,68,84,0.69
637,Ternate,ID,2022-12-19 16:00:44,0.8,127.4,79.93,80,100,3.27
638,Arbuzynka,UA,2022-12-19 16:00:44,47.9097,31.3196,23.99,82,1,6.06
639,Kidal,ML,2022-12-19 16:00:45,18.4411,1.4078,84.88,8,0,13.2
640,Bitung,ID,2022-12-19 16:00:45,1.4451,125.1824,76.05,80,98,4.16
641,Kastamonu,TR,2022-12-19 16:00:46,41.5,33.6667,31.89,92,100,5.12
642,Tommot,RU,2022-12-19 16:00:46,58.9564,126.2925,-18.04,98,100,2.04
643,Aykhal,RU,2022-12-19 16:00:47,66.0,111.5,-21.15,98,100,7.99
644,Flinders,AU,2022-12-19 16:00:47,-34.5833,150.8552,54.18,77,57,1.99
645,Moron,AR,2022-12-19 16:00:48,-34.6534,-58.6198,85.8,50,0,9.28
646,Xichang,CN,2022-12-19 16:01:49,27.8964,102.2634,41.45,80,1,2.15
647,Khandbari,NP,2022-12-19 16:01:49,27.3747,87.2039,57.61,75,83,1.19
648,Azare,NG,2022-12-19 16:01:49,11.6765,10.1948,84.92,13,36,10.51
649,Gizo,SB,2022-12-19 16:01:50,-8.103,156.8419,82.18,75,84,5.26
650,Utrecht,NL,2022-12-19 15:59:44,52.0,5.25,50.23,88,100,8.01
651,Rio Gallegos,AR,2022-12-19 16:01:50,-51.6226,-69.2181,63.73,36,56,10.56
652,Tawang,IN,2022-12-19 16:01:51,27.5833,91.8667,37.08,94,100,1.19
653,Borger,NL,2022-12-19 15:58:08,52.9233,6.7931,48.27,91,100,17.98
654,Saint-Georges,GD,2022-12-19 16:00:05,12.0564,-61.7485,80.73,70,40,16.06
655,Lethem,GY,2022-12-19 16:01:52,3.3803,-59.7968,87.39,50,91,11.59
656,Hassleholm,SE,2022-12-19 16:01:52,56.1591,13.7664,33.58,97,100,7.92
657,Loikaw,MM,2022-12-19 16:01:53,19.6742,97.2094,61.16,90,58,3.24
658,Darhan,MN,2022-12-19 16:01:53,49.4867,105.9228,1.96,98,100,2.51
659,Channarayapatna,IN,2022-12-19 16:01:53,12.9044,76.3917,64.18,75,75,6.69
660,Riyadh,SA,2022-12-19 15:57:37,24.6877,46.7219,62.74,31,0,5.84
661,Fort Madison,US,2022-12-19 16:01:54,40.6298,-91.3151,23.49,79,100,8.05
662,Belyy Yar,RU,2022-12-19 16:01:54,53.6039,91.3903,8.49,77,100,0.0
663,Chauk,MM,2022-12-19 16:01:55,20.8833,94.8167,73.74,67,18,1.77
664,Hendrina,ZA,2022-12-19 16:01:56,-26.1588,29.7153,66.72,72,93,4.29
665,Berlevag,NO,2022-12-19 16:01:56,70.8578,29.0864,28.4,80,75,12.66
666,Nouakchott,MR,2022-12-19 16:01:57,18.0858,-15.9785,85.17,24,0,13.69
667,Woodward,US,2022-12-19 16:01:57,36.4337,-99.3904,43.97,54,0,17.27
668,Smithers,CA,2022-12-19 16:01:35,54.7804,-127.1743,-13.61,95,12,1.59
669,Clyde River,CA,2022-12-19 16:01:57,70.4692,-68.5914,9.66,86,100,5.88
670,Souris,CA,2022-12-19 16:01:58,49.6172,-100.2612,-9.26,98,100,2.86
671,Qena,EG,2022-12-19 16:01:59,26.1615,32.7183,73.69,29,10,2.86
672,Korla,CN,2022-12-19 16:01:59,41.7597,86.1469,20.05,51,0,4.81
673,Youghal,IE,2022-12-19 16:01:59,51.95,-7.8506,47.41,96,53,21.3
674,Sarandi,BR,2022-12-19 16:02:00,-23.4436,-51.8739,70.79,72,97,9.64
675,Panama City,PA,2022-12-19 16:01:26,8.9936,-79.5197,85.14,64,76,4.83
676,Worland,US,2022-12-19 16:02:00,44.0169,-107.9554,4.68,85,100,1.01
677,Xining,CN,2022-12-19 16:02:01,36.6167,101.7667,17.47,55,100,4.07
678,Aldan,RU,2022-12-19 16:02:01,58.6031,125.3894,-25.69,96,100,5.7
679,Luba,GQ,2022-12-19 16:02:02,3.4568,8.5547,80.74,75,55,1.32
680,Ciudad Bolivar,VE,2022-12-19 16:02:02,8.1222,-63.5497,87.37,46,99,9.93
681,Denia,ES,2022-12-19 16:02:02,38.8408,0.1057,59.74,87,9,3.0
682,Shaunavon,CA,2022-12-19 16:02:03,49.6501,-108.4181,-8.37,95,100,7.63
683,Ovalle,CL,2022-12-19 16:02:04,-30.5983,-71.2003,81.39,39,0,8.75
684,Poum,NC,2022-12-19 16:02:04,-20.2333,164.0167,78.96,81,86,17.02
685,Waconia,US,2022-12-19 16:02:04,44.8508,-93.7869,8.65,85,100,8.01
686,Sovetskiy,RU,2022-12-19 16:02:05,61.3614,63.5842,15.24,95,100,7.43
687,Sigulda,LV,2022-12-19 16:02:05,57.1519,24.8647,17.76,90,56,3.0
688,Luwuk,ID,2022-12-19 16:02:06,-0.9516,122.7875,77.38,83,91,3.51
689,Nchelenge,ZM,2022-12-19 16:03:06,-9.3451,28.734,75.87,74,65,7.92
690,Gibara,CU,2022-12-19 16:03:06,21.1097,-76.1317,82.62,61,95,11.9
691,Formosa Do Rio Preto,BR,2022-12-19 16:03:07,-11.0483,-45.1931,82.76,70,57,2.33
692,Sarkand,KZ,2022-12-19 16:03:07,45.41,79.9186,21.76,66,5,6.8
693,Rusape,ZW,2022-12-19 16:03:08,-18.5278,32.1284,67.1,85,99,0.63
694,Toumodi,CI,2022-12-19 16:03:08,6.5613,-5.0158,95.27,19,28,5.03
695,Russell,US,2022-12-19 16:01:27,32.3502,-85.1999,45.97,40,40,5.1
696,Tara,RU,2022-12-19 16:03:09,56.8944,74.371,27.79,97,100,7.92
